label,sub_label,user,file_id,watch_accel_x0,watch_accel_y0,watch_accel_z0,watch_gyros_x0,watch_gyros_y0,watch_gyros_z0,watch_accel_x1,watch_accel_y1,watch_accel_z1,watch_gyros_x1,watch_gyros_y1,watch_gyros_z1,watch_accel_x2,watch_accel_y2,watch_accel_z2,watch_gyros_x2,watch_gyros_y2,watch_gyros_z2
shake,10203,111,111_10203_260409213031790,4.522646903991699,-5.439626216888428,-7.0126166343688965,-0.0757472887635231,-0.018325956538319588,0.11850785464048386,4.879383087158203,-6.964732646942139,-6.584054470062256,-0.42638394236564636,0.12217304855585098,0.3433062732219696,5.058948040008545,-8.185775756835938,-6.840234279632568,-0.788016140460968,0.251676470041275,0.685390830039978
